alumni_ID,last_name,first_name,birthday
1001,Woolham,Raquela,02-05-2002
1002,Nice,Selinda,07-25-2002
1003,Roakes,Fransisco,07-31-1998
1004,Proschek,Ives,03-23-2000
1005,Moreing,Verene,07-15-1998
1006,Stenbridge,Giacinta,09-12-2000
1007,Aldin,Smitty,07-13-1999
1008,Coulbeck,Breena,09-17-2002
1009,Burgher,Linnell,04-19-2002
1010,Bloor,Kristos,05-21-2004
1011,Gloster,Schuyler,01-03-2004
1012,Osment,Rollo,03-12-2000
1013,Lorant,Jamal,07-18-2004
1014,Scholey,Benedikta,10-17-2001
1015,Gash,Shina,03-13-2003
1016,Hatherleigh,Kaia,01-30-2002
1017,Donlon,Torrie,04-02-2001
1018,Duester,Rheba,02-10-2003
1019,Speeks,Hanni,08-17-1999
1020,Hamal,Imogene,07-24-2003
1021,Bownd,Cortie,01-02-2004
1022,Malenoir,Dorice,03-13-1999
1023,Aspel,Edita,07-13-1998
1024,Maude,Birgitta,02-11-2000
1025,McGaw,Ike,06-10-2002
1026,Edlington,Ephrem,12-01-1998
1027,Hulme,Joachim,01-19-1998
1028,Phelips,Thebault,09-16-2001
1029,Wane,Berkly,01-02-2003
1030,Battista,Brigid,10-27-2001
1031,MacInerney,Berri,11-23-2001
1032,Paulmann,Herculie,02-11-2003
1033,Bennike,Lincoln,11-02-2002
1034,de Guerre,Cad,09-04-1999
1035,Keese,Tedman,03-09-2001
1036,Staning,Reynard,02-07-2001
1037,Bearward,Pearline,09-27-1998
1038,Anthonies,Abbe,02-10-1999
1039,Brownlee,Giustina,02-14-2002
1040,Tadman,Omar,12-17-2001
1041,Robbins,Virginie,07-29-2002
1042,McCorkell,Vevay,09-18-2003
1043,MacMeeking,Nerty,03-15-2002
1044,Rubinowicz,Constantin,04-09-2002
1045,Bagg,Cornie,10-10-2000
1046,Pirri,Brnaby,09-19-2002
1047,Wetherby,Leeann,05-03-2002
1048,Whistan,Orelia,07-02-2003
1049,Leithgoe,Kenna,03-04-2003
1050,Rottenbury,Wilfred,08-14-2001
1051,Sedgmond,Olvan,09-29-2003
1052,Duly,Garik,01-09-1998
1053,Grandison,Antonio,12-02-2003
1054,Imason,Ingemar,06-30-2001
1055,Cullivan,Alfy,03-12-1999
1056,Lamperd,Maighdiln,05-27-2002
1057,Yelden,Thornie,08-30-2001
1058,Searby,Aime,03-26-2004
1059,Gartenfeld,Frederik,08-07-2004
1060,Hubback,Kendricks,09-20-1998
1061,Douberday,Davida,04-03-2002
1062,Stobart,Lezlie,06-14-2003
1063,Lamke,Hartwell,05-30-2003
1064,Keemer,Neille,10-04-2003
1065,Szymonwicz,Eddie,01-04-2004
1066,Ranstead,Auguste,10-25-1999
1067,O'Cosgra,Gerda,06-07-2004
1068,Dinkin,Anita,09-03-2002
1069,Twinborough,Penny,05-06-2001
1070,Dignall,Melonie,01-07-1999
1071,Menary,Donal,10-27-2002
1072,Bonnell,Davin,08-29-2000
1073,Adhams,Misty,02-09-2004
1074,Linley,Jaquith,12-27-2000
1075,Haycraft,Magdalena,02-28-1999
1076,Robyns,Roth,10-04-2002
1077,Hengoed,Gerhard,05-13-1999
1078,Dury,Pammi,12-30-1998
1079,Mussilli,Ted,10-31-2002
1080,Fateley,Travis,11-04-2003
1081,Tregea,Gabi,03-10-2001
1082,Pfeffle,Jany,01-11-1998
1083,Deller,Cleavland,01-19-1999
1084,Dargue,Dacy,08-03-2001
1085,McSaul,Rey,01-21-2002
1086,Hanniger,Rossie,05-14-2001
1087,Farbrother,Kirbee,09-13-2000
1088,Antecki,Gerry,05-05-2002
1089,Curl,Karin,07-26-2000
1090,Siberry,Kirby,02-27-1998
1091,Grigson,Germaine,07-16-2001
1092,Elger,Wilt,10-28-2001
1093,Poyzer,Rhea,07-06-2002
1094,Clewlowe,Blair,10-05-2002
1095,Brandone,Nerissa,01-12-2001
1096,McGeachey,Debbie,07-29-2000
1097,Leborgne,Levy,04-18-2000
1098,Gear,Juana,01-29-1998
1099,Cromwell,Editha,05-02-1998
1100,McCrone,Roobbie,03-27-2002
